{
    "f1_score": 0.9974683544303797,
    "precision": 0.9949494949494949,
    "recal": 1.0
}