{
    "f1_score": 0.9070735090152566,
    "precision": 1.0,
    "recal": 0.8299492385786802
}