{
    "f1_score": 0.9085872576177285,
    "precision": 1.0,
    "recal": 0.8324873096446701
}