{
    "f1_score": 0.9336550060313631,
    "precision": 0.8896551724137931,
    "recall": 0.9822335025380711
}